5.312304528395676503e-04,7.359016610308526281e-04,1.496512793048519621e-03,5.721156603611160432e-04,4.033564731864341252e-02,1.778795728462026771e-01,2.910934472881627523e-03,9.668497463075309550e-02,2.700427430688986594e-02,1.162273170811901624e+00,2.627537221305041581e-02,1.235823767524676375e-01,2.076091428099193642e-02,1.924918870934310966e-01,8.725208240053403674e-01,1.712130337274507443e-03,8.814411520958775892e-01,1.800414068814855939e-01,2.860528745802303277e-02,1.007246990385757546e-01,2.758220917813644646e-02,1.159005184569220415e+00,2.578327976002480620e-02,1.285340001021521295e-01,2.584538969691564398e-03,1.804535805701228401e-01,4.067388691862919292e-02,8.496165401619763238e-05,7.691112319683490999e-04,1.130089555273933958e-03
8.482164316047290055e-04,5.348643434290285088e-04,4.521018524932311072e-03,1.532368402866786795e-04,2.447266187257224725e-04,1.135216355982353043e-01,1.180792723054462368e+00,4.818187839868415812e-01,1.237888209878721169e+00,4.409879140220122617e-01,1.846674455435742823e+00,3.632147306537117371e-01,1.681693409706304321e+00,2.184167543017246638e-01,6.034127003427924851e-01,1.069157892153447253e+00,4.033505448125175308e-01,4.345210876329191341e-01,1.197840152465336816e+00,4.952588147897818427e-01,1.238928938399769031e+00,4.409849751713050270e-01,1.843913684744791004e+00,3.063679999586487734e-01,1.685913213532884702e+00,1.151262141642062919e-01,3.768957442445362003e-04,2.991315052554792799e-04,6.807344413801637599e-04,2.080384553114462878e-03
1.491237894592773307e-04,2.367505073444573990e-03,7.267204991040558627e-04,1.193381695334120272e-02,1.487806368182765029e-03,1.088560556488967889e-03,1.713576650165927464e-03,3.985118643910772092e-03,3.058385926493123377e-04,1.459441074185777350e-02,2.662659701771677434e-02,6.855784098410294420e-04,1.002924154197985199e-03,2.632759999036883743e-04,4.023467263502239586e-05,5.753453164182809011e-05,8.120549255471102949e-04,2.909587810320816894e-04,1.666532388936266306e-03,7.203561115289161716e-03,2.069953548415875023e-03,7.309405693067923954e-03,1.134117905187102815e-03,2.801081897213610668e-04,7.313194053641986110e-04,1.043610898826965267e-03,4.257213415948760821e-04,2.838935804206111106e-04,1.119239687801449647e-03,6.549324526731152432e-04
3.644597615561269996e-04,1.084674658020798538e-03,1.143966055925217532e-03,7.672426748744491957e-04,2.685269834533164906e-03,3.102871817018733585e-03,2.140277674562404350e-02,2.137773086499672806e-02,1.041184255439708568e-03,1.242048712829000971e-02,9.986443129696763541e-04,5.892710167597525923e-04,4.084226631089445721e-04,1.166123071119754592e-04,5.401637606888206884e-05,7.959632172957612818e-05,1.113661109836294088e-03,9.574325718794553892e-04,7.194082680196918836e-04,3.686550244392822629e-03,2.818158942973654317e-03,5.476934830256636154e-03,8.672924126778659227e-04,6.047112145589522746e-04,5.619066954483210386e-04,9.803012700849930445e-04,9.903335544222382960e-04,5.130377321990173874e-04,2.397418443651726640e-04,1.569248525863795084e-03
1.307491965543853413e-02,1.627668732532602911e-04,3.895710867823132836e-04,1.263472671244417374e-02,7.996401052914946066e-04,4.149099861549615997e-04,4.738255980002690246e-04,1.268134025973365791e-03,3.106294862968736296e-03,1.378800849033009167e-03,7.851461621978597649e-03,3.666029858945546102e-03,7.287172363387343184e-04,7.808030389314119663e-04,1.183046824233128678e-03,1.274058471352150024e-03,5.317976064628598346e-04,4.949926486816214185e-04,1.341993302748048945e-03,7.373630314817976317e-04,4.919814687333573522e-03,1.011229924993966396e-03,7.594830535909446491e-04,9.960000411824607939e-04,1.088985116784222480e-03,3.428895604811914907e-04,5.250606533680353925e-04,7.895697907156594550e-04,1.206766790016798032e-03,2.379330403870292491e-03
2.428110772104129147e-03,2.069676924287411693e-03,1.539050608130700017e-03,6.525445298609357453e-04,1.306334014441861910e-03,1.437087570622249408e-03,8.282717546555867175e-04,3.635433587326221926e-03,9.452609026123521153e-04,1.777245078741603078e-03,7.086419058276010804e-03,4.616454911646881987e-03,1.854417222209537794e-03,7.792529114564157935e-04,2.255880130698935111e-04,2.361615352976703978e-04,1.977211257901312813e-04,2.010460289884653546e-03,5.436693932828878632e-03,2.169918533234378808e-03,9.605915336301087265e-03,7.504625770900857050e-04,1.333109220806448286e-03,1.684031118237985488e-03,6.711552708348940020e-04,1.066051780922789042e-03,7.482244655079246581e-04,5.472326813245439103e-04,1.792355883747512270e-03,3.536130921338211195e-03
9.121254705430676844e-04,1.259698571504814894e-02,7.914304815359179957e-04,3.512794641258254686e-04,2.137127823499642126e-03,6.378701328855505837e-03,2.550219513286549819e-03,2.252599067840440825e-03,1.830325697478046290e-03,2.142374497391057869e-03,1.809635179746976394e-03,7.248006746460701824e-03,1.467440808362778385e-03,2.692067437427943721e-04,4.658044588711414977e-04,1.182635784836748132e-03,1.799133935329342909e-03,3.966731339966469505e-04,8.569697541791780528e-04,4.046365055443831502e-03,1.734028184015025962e-03,2.154047071563483517e-03,3.487475863788500443e-04,1.489828436146371305e-03,6.006648249902709702e-04,3.390367319835833632e-04,9.916682148487282380e-04,1.192433903690498856e-03,4.255812250644488114e-03,4.121039586979891728e-03
1.308796091863968130e-03,1.171658370277920639e-03,3.550997708974377651e-03,4.157221972438967139e-04,9.505264738805060563e-04,1.101976773370378542e-03,1.473697858145064715e-03,1.324125279707432778e-03,1.801025985893744182e-03,1.604604533300327870e-03,6.075397503406351936e-03,1.046728483511724390e-03,7.415870440785071391e-03,1.539614042496916489e-03,5.289270162922419909e-03,1.027754909514589374e-03,2.601400432320627888e-03,5.752101742874170948e-03,2.316028302279759307e-03,4.326093121726407205e-03,2.684472378620858437e-03,1.686567316591754259e-03,2.327349154596189840e-03,1.315103753491273257e-03,3.527773448121606227e-04,9.903626777800732250e-04,1.490494340924247360e-03,4.081068163908595225e-03,1.076595744848873881e-02,1.178295957979736113e-03
1.216371335432610019e-03,1.533580054255563249e-03,8.087663926267062544e-04,2.139607854280263250e-03,5.557974247337758378e-04,8.773044715057792733e-04,1.142383167319595098e-03,1.783812974796808015e-03,1.187865889660686021e-03,2.295518899393412908e-03,3.112509220831706069e-03,4.137154262201841494e-03,3.195897487787760331e-03,6.605662301205449463e-03,2.610051187206747451e-03,2.070671147086928631e-03,7.771141820543976154e-03,6.326058350093358672e-03,9.880705177795365279e-03,3.708042194842277230e-03,2.678900209788148776e-03,1.826896150244559794e-03,1.233918718425622459e-03,8.413204627966923551e-04,4.564153068090059354e-04,2.031589001557543902e-03,2.871425696791234019e-03,7.671255020869957759e-03,2.103155442765590032e-03,3.200321332388727982e-03
1.364993346548701953e-03,7.161704606746889567e-04,2.132044489953771604e-03,3.308911412707471814e-03,1.228825691538491848e-03,2.337345667896712983e-03,1.044776755106283138e-03,6.478084009174554184e-04,1.305098005298875249e-03,2.215166883540384268e-03,2.405135727689098734e-03,3.215403231141479145e-03,6.935229864923241755e-03,7.113218312425256817e-03,1.395209232400583879e-02,2.034008520501143225e-02,1.768022853379289799e-02,1.633797900537053635e-02,9.530070696033144176e-03,3.896206956779679070e-03,2.454630903730730621e-03,9.852526855434469259e-04,2.165944536952858854e-03,1.772522408373517194e-03,4.890905456094103536e-03,1.207338114998847065e-02,3.935966363252840078e-03,4.329109132556107839e-03,3.473279447914336820e-03,3.517222345840978655e-04
2.453869197281908707e-03,3.115242491043869900e-03,1.347866622903330343e-03,1.018905302296094261e-03,2.078542773051238971e-03,4.409807556844822819e-03,5.712812008430343501e-03,5.580009597618226097e-03,2.669139233469885845e-03,1.773739272841977615e-03,5.353691708621060100e-03,1.225900437389990452e-02,2.176931043535779500e-02,1.641918840838182611e-02,1.973044170415855225e-02,4.420472161920181720e-02,3.649406828125487806e-02,3.049736264148778658e-02,3.015837916805862162e-02,1.099688737276165174e-02,9.909927702503791916e-03,5.498527112826080525e-03,1.800465319095578831e-02,1.877726693642160424e-02,2.639816997015310626e-02,4.280308675280401938e-03,4.841563947729442784e-03,5.547405130168349234e-04,1.388412979262280749e-03,4.919414121805925662e-05
1.432386226839401982e-03,4.074317577387339372e-03,2.389059223431307544e-03,9.035343922787508232e-04,1.130137071211687830e-03,3.049412746011300086e-03,5.308136560444377296e-03,4.494858479581946217e-03,9.641712851954253871e-03,2.331006437469852755e-02,1.937934551245081363e-02,1.753060943656467585e-02,9.100249370108740021e-03,5.529927353567261859e-03,1.768569204122214140e-03,1.569172803412951156e-03,3.276004030436803580e-03,3.554574423304223286e-03,8.801286461833143088e-03,2.774468773581316439e-02,2.226444685861087708e-02,1.634982964329554506e-02,6.123737292166007290e-03,4.544635488497044892e-03,1.407763561028084259e-03,3.966545817805230360e-04,1.700013493917187913e-04,4.896369929165202839e-05,1.571457037214137568e-05,1.386564571809705462e-05
5.804544385722632223e-06,1.227638882944243352e-04,2.113563063956298751e-03,4.465788814946284116e-03,1.352652955558223541e-02,1.409602222165564495e-02,9.083226680098303862e-03,7.685535941310552357e-03,4.075383010394708662e-03,1.807855766679783167e-03,1.571037061091471246e-03,7.586782548276378756e-04,4.926780530251386164e-04,3.615172304626640366e-04,2.575039394999562568e-04,2.839501188708360704e-04,1.208342094412325613e-04,2.368757725069966017e-04,9.145402991141330751e-05,7.266584807188879354e-05,3.476389081258707205e-05,5.081065442105220956e-05,5.606672724848821824e-05,4.661552951252266911e-05,2.072514802849289455e-05,2.442274549899058094e-05,1.047586674709088549e-05,1.461658731031012489e-05,1.336190559701730891e-05,5.932997410478297817e-06
5.733742558065316674e-06,1.968900310943998282e-05,2.375512470174568326e-05,3.739936210005945992e-06,9.472741841984285750e-06,7.151414352924943265e-05,8.986878766088239514e-04,8.932370079816294222e-04,5.718718310274016788e-04,7.119390959138100720e-04,2.577655995466619603e-04,2.102999380426247506e-04,2.536457661269758668e-04,8.118270906292153325e-05,1.389151244413208079e-04,7.797536033534309104e-05,5.485671624271195462e-05,4.142922579078863284e-05,1.811953351531074381e-05,2.280912310113577231e-05,1.240817158519874929e-05,1.298817626799632335e-05,8.217806389698316516e-06,8.839690713143759197e-06,1.776321595900660390e-05,1.154331413139019059e-05,6.558032214559969993e-06,5.270853566071434653e-06,4.126495420254748667e-06,2.354124840219190892e-06
4.944625334510221997e-06,8.835401461585371173e-06,1.291108883075907394e-05,5.004436804556588729e-06,4.402716957763532227e-06,1.140670903558348144e-05,9.905761777498153453e-06,8.113774104229158212e-06,2.875223864341214196e-05,2.622847004881804524e-05,4.416660379482350315e-05,3.714833302432968141e-05,2.737565323345977751e-05,2.478950363074523423e-05,1.473713665913535587e-05,1.100228606352011851e-05,1.094198612930830347e-05,9.175220951710947074e-06,8.382582209895429184e-06,6.285929190480030975e-06,5.294211970331782035e-06,1.891111215512576176e-06,3.356723457398341223e-06,7.629234145808910779e-06,1.160327055319943280e-05,1.094079394334731832e-05,6.698002347077784108e-06,5.397936438832854314e-06,2.924648903504022685e-06,3.352874340280875066e-06
2.067410054390803365e-06,4.620692504564383548e-06,5.294666959675856479e-06,7.735113078562224967e-06,8.609941730370044877e-06,5.344022887436976365e-06,6.815558225659305027e-06,6.138499871643944759e-06,4.433837611328802063e-06,2.314341949584773374e-06,3.663293219973662473e-06,3.891718033512892030e-06,7.585881831272778836e-06,4.501244786734405340e-06,2.607405798359898241e-06,1.940113911493910443e-06,3.659640429026068802e-06,3.245512183460191234e-06,1.949066391875410940e-06,1.432149523181149841e-06,1.472445852214549602e-06,2.198751112570718229e-06,4.591823892210809218e-06,1.456532881478707470e-05,8.787343868058248780e-06,5.813666510888916805e-06,5.110537074943004369e-06,2.866159147546135835e-06,5.058027923732909941e-06,5.347051280163654704e-06
2.796864109848631717e-06,2.218089465090914372e-06,3.885861830013056335e-06,2.169326377959798440e-06,4.449122667864792321e-06,2.750102929210329795e-06,4.045276977074442195e-06,4.081369913640559375e-06,3.487406573038594925e-06,3.635196865877295638e-06,1.517318344286890601e-06,8.535574136139244647e-07,7.438843865914804500e-07,1.069296765789104884e-06,9.308277334175089584e-07,1.012688402262644295e-06,8.158156292096942642e-07,7.013095171792762896e-07,9.029993372606676163e-07,5.843995420552967442e-07,1.196244061178549818e-06,5.544014248314272730e-06,1.115526893042289592e-05,8.160222849884135116e-06,7.717005064615896001e-06,5.345177116150492850e-06,3.559845938593476790e-06,4.870297325459186850e-06,4.844073867258494223e-06,7.121535060387932662e-06
4.433151141405294967e-06,4.512397756519048343e-06,3.477323822204524952e-06,4.247457872224856815e-06,3.005469649883544067e-06,6.014305359965616521e-06,3.611582624596839254e-06,3.320289911021702820e-06,6.707135865949986936e-06,4.559441400533891814e-06,5.418318771128715845e-06,3.401583805397453040e-06,1.083697986062738244e-06,5.796876257965972559e-07,6.591487339035188541e-07,6.647537130508535181e-07,5.757009667000857113e-07,4.343378656959101939e-07,5.105374124871762934e-07,2.854382769173468330e-06,1.338954606512952744e-05,1.172345340494876460e-05,6.000257643070688019e-06,8.789720878291090096e-06,5.995058331206852365e-06,5.964166284524643409e-06,7.616600819384671288e-06,7.218738635659180188e-06,4.875681293706942565e-06,5.889957902307461427e-06
2.730185600212332517e-06,2.521895313022548641e-06,3.403725840434966926e-06,3.390684208423964861e-06,3.804580897194305140e-06,3.433245605835184393e-06,3.555416144847506430e-06,6.523134909747029444e-06,6.003950011681424095e-06,5.764890564036221387e-06,6.095416498955360453e-06,2.947535646609442400e-06,6.872062461017433541e-06,1.563754156337435584e-06,3.145796416479185002e-07,2.336306564217039081e-07,3.589486019586845709e-07,8.806280843870426025e-07,3.722151232079853856e-06,1.606983714306497719e-05,1.110560069436133600e-05,7.665543138530191080e-06,6.938497143769404123e-06,8.228668065703941315e-06,1.055789477393980058e-05,1.030876559150502105e-05,7.929441138479522070e-06,5.959443760407571489e-06,1.045647517136726120e-05,6.248379214616292231e-06
4.240400354841827400e-06,4.368448845461769769e-06,3.896948675906476425e-06,2.024793464435963709e-06,2.820293400104637907e-06,4.320280398661704043e-06,6.347677577446531727e-06,4.265519423807738149e-06,6.035564046553977006e-06,7.005069189528342732e-06,5.457279907607546552e-06,1.125580770434029874e-05,1.522339027899012508e-05,1.721608729812300071e-05,1.573907916405938804e-05,5.165263762531664753e-06,1.586985504825674995e-05,3.278238139230146749e-05,1.998104000613301664e-05,1.532235411649952416e-05,8.285117647002611242e-06,1.241245538275431110e-05,1.058507765760172823e-05,1.053651080400543759e-05,9.197242542963466266e-06,1.324207897935301020e-05,1.453420720084111174e-05,1.211963528403913849e-05,1.091393848763927798e-05,6.074567310167840043e-06
4.857202234359358077e-06,5.217322326259359684e-06,5.613820946874741833e-06,5.112061523138687262e-06,4.713731476735297136e-06,4.492042025786904430e-06,3.401154948932535194e-06,3.477501538091725222e-06,7.214540732851449453e-06,7.714504502081260978e-06,8.135893957604835202e-06,1.015627904544669275e-05,1.749221246586872525e-05,2.531207456690281403e-05,3.680275653318150307e-05,5.612069986981962786e-05,5.749423669931572842e-05,5.281123026532855320e-05,3.336529377866209918e-05,3.529533516918036026e-05,2.111804634161894767e-05,1.965012186042135422e-05,1.629561647440339831e-05,2.661575954117897030e-05,3.110889324975144949e-05,2.269456729031843619e-05,8.816653726454333937e-06,3.553709745641515700e-06,4.500060374476367045e-06,2.592510394586446615e-06
7.967076094891701463e-06,1.311015917012758198e-05,1.490156493159212402e-05,9.321007826251934285e-06,1.054780732006734878e-05,7.332547745583385866e-06,5.577948322502880228e-06,9.755862645510433035e-06,6.336806437320219530e-06,6.451543853410614176e-06,1.076760378230266732e-05,1.758873310809169733e-05,1.629371894085810456e-05,1.701735323151544514e-05,1.742679240285159245e-05,1.463718009883551735e-05,1.817829081857644957e-05,2.196226432063581421e-05,2.281752036625543808e-05,2.730820007210550300e-05,1.940832163797439006e-05,1.313527464234523662e-05,7.355126016188719396e-06,5.193056206142724254e-06,6.392008322793374544e-06,2.811686422537388398e-06,1.067674040041989139e-06,2.844737878730536721e-06,2.030507056374183213e-06,7.903303883039212331e-07
5.752308014821048966e-06,8.032650867114450187e-06,5.595264746091821171e-06,1.016635097325326000e-05,8.338832321150025981e-06,9.307316374116343489e-06,9.444917365646313432e-06,1.443196305532410316e-05,1.119533339292722006e-05,1.204006941781574064e-05,2.186052801604818278e-05,1.890072500798386680e-05,1.574543985929129962e-05,1.278565679124239870e-05,1.148902599863627940e-05,1.065290823407969575e-05,6.345362421919507843e-06,8.939085505809938763e-06,4.319257365106674181e-06,3.587375770783506893e-06,1.713095690509314337e-06,1.699922051835457679e-06,1.651496953068286999e-06,1.605350530266771361e-06,2.939157489484833201e-06,1.785252176285078289e-06,1.390048053231064408e-06,5.614505823547585031e-07,1.980450902006296332e-07,1.093207352210363924e-07
3.019410313679164868e-06,1.096139067524716669e-05,1.057236405778278904e-05,7.535690115129912350e-06,4.157637511184774337e-06,6.107601458898279048e-06,6.933354665598056669e-06,7.850635171486587029e-06,9.607359212563311185e-06,1.048041222628853981e-05,9.532522079835415831e-06,6.117283922677153483e-06,4.268714667933607598e-06,6.678784001115075562e-06,4.819329689777431595e-06,3.404468498485972497e-06,2.397674030884354446e-06,2.152787186295212428e-06,1.175520196624272815e-06,1.209380754679820679e-06,1.130992774578685811e-06,1.097235019233695895e-06,6.240404289021533903e-07,3.539819179950458299e-07,3.099319339974231646e-07,3.811105945178780484e-07,2.013483205001791561e-07,7.398720569220459078e-08,7.886476930268875325e-08,6.467441179321871664e-08
6.747406957037966306e-08,1.519023579557730027e-07,5.042653516255965901e-07,7.505808545284359725e-07,1.793453285471891492e-06,3.291689968784739815e-06,2.779660255387962023e-06,2.023575491332980213e-06,2.964297511906879754e-06,2.435716490217979828e-06,1.956455404835022696e-06,1.938980034738952582e-06,2.445293631397670524e-06,2.644531424119916897e-06,1.386926496974973873e-06,1.166440110368669380e-06,8.116990202777765548e-07,8.144080141552336574e-07,4.143143506930956270e-07,4.269374603266415084e-07,3.681538593360200815e-07,5.202245246539263049e-07,1.886871455926339046e-07,1.857325150495296168e-07,1.053895112281643971e-07,1.431568846554443306e-07,8.544596035505156492e-08,7.218565705828155299e-08,2.642406432129834027e-08,7.097645169753043555e-08
2.162442459601215760e-08,2.211905863694880789e-08,2.294231988277753282e-08,3.362034835110685401e-08,6.348365442186178495e-08,1.467492169786484756e-07,2.436890945463684674e-07,4.326433857263423844e-07,5.447842650562038636e-07,5.991071005695257214e-07,5.232900653634073035e-07,7.484320421922667197e-07,4.695635893286218636e-07,4.561683011199877944e-07,6.033679819284367482e-07,3.996637991058285976e-07,3.741956980975477693e-07,2.669579616690374617e-07,2.712991439195399359e-07,2.127897356709759645e-07,1.022506272104297223e-07,2.493102605159731280e-07,9.981605318039375054e-08,9.868233455234137419e-08,5.973917854743495886e-08,6.740311341253450393e-08,3.503778528735835606e-08,5.006309351092078062e-08,1.811619709357284289e-08,2.707841280746801015e-08
2.027070960288061023e-07,8.615386909854739014e-07,4.820933922555292668e-07,2.521050681902656775e-07,4.113151993907034841e-07,9.222438357695679923e-07,1.885494964306026213e-07,2.112394215657087630e-07,2.035911917727633955e-07,1.189077701116023558e-07,1.834089968898158768e-07,1.433280975637895560e-07,1.317707613992996188e-07,1.241105862961803687e-07,1.377392194341906377e-07,1.199365637657922440e-07,1.439993816397001634e-07,9.611949715385847077e-08,6.185208657707544508e-08,5.345174604772175640e-08,9.626489676268321138e-08,9.448924984034858333e-08,5.447120120923785693e-08,3.213680088838962301e-08,3.622363381735682977e-08,2.673107164855919707e-08,3.946288074166023100e-08,1.981975058413351916e-08,2.693251231042181604e-08,2.377647762260049736e-08
5.966111199217000094e-09,7.873330981426953110e-09,1.099473880368131567e-08,2.170714674370140350e-08,2.827163719686009201e-08,2.791066732894635744e-08,3.187976735538825058e-08,2.275324527235329700e-08,2.545909051928548166e-08,1.835656384455034318e-08,1.418551432015877646e-08,2.184750210595137584e-08,2.301525547393387296e-08,3.129677066954169143e-08,2.422083098767917260e-08,3.412073884582249165e-08,2.765396985051107369e-08,2.538434534269220763e-08,2.295247601590241378e-08,1.877222378321190573e-08,2.048301274896751525e-08,2.313051261076505814e-08,2.559860924674011940e-08,1.709950970107488991e-08,1.808493004380911677e-08,2.316838615342556923e-08,1.944031261544705308e-08,1.763965749302720109e-08,2.991982435153218202e-08,2.253154082950621940e-08
4.697091498466633815e-09,7.196197725985490703e-09,7.806376439625473241e-09,7.340812358880555564e-09,9.404388523911290907e-09,8.370592164510729046e-09,1.445987330115550953e-08,1.682074873201328252e-08,2.006547481939297532e-08,1.269969823064876486e-08,8.786401863274733381e-09,9.346170130013776442e-09,9.373436296564865230e-09,7.802831303733295678e-09,5.051384785578968215e-09,8.295860802605475598e-09,6.051801609136804424e-09,8.866904624176112272e-09,1.048464056731270128e-08,1.072794032587216081e-08,1.695874285835004230e-08,8.786300754280854034e-09,8.711321323676808464e-09,1.761614783991697475e-08,1.331058393528210417e-08,2.034269377517233993e-08,2.764292577234357780e-08,2.478953183918823931e-08,3.105507093723085037e-08,1.931073091348543148e-08
6.896586448849558207e-09,6.334159335244114656e-09,5.952234125883690182e-09,7.559783733543133438e-09,8.833405766928009587e-09,9.069024758174568193e-09,9.760946835111635003e-09,1.053663417095273175e-08,1.555963901489602971e-08,1.793612579762507149e-08,1.253235493214548099e-08,1.568029483404317079e-08,1.682752814729284085e-08,8.882414101981181321e-09,7.643504320466441496e-09,1.077522820652172901e-08,9.988171462803529070e-09,7.392622374189570197e-09,9.851825264194868493e-09,8.929377965033971858e-09,8.220752135033272790e-09,1.649986948426828068e-08,2.175541872466433686e-08,2.417898231827107669e-08,3.287321827979057578e-08,2.035979337182881442e-08,2.655249464211396591e-08,2.213117057252017619e-08,2.424368192788298931e-08,1.313770380188889651e-08
8.374833200135982191e-09,7.894996444473949026e-09,5.859452927393090347e-09,5.093953216383847236e-09,4.638105652366469105e-09,6.196794124019783667e-09,6.622250765023314038e-09,7.731723128122023668e-09,8.539188692433201728e-09,9.045707346135647682e-09,1.303495388833358439e-08,1.338174624878678379e-08,2.397830557476726521e-08,2.821081472961106990e-08,2.017646651204190969e-08,2.571308958748909718e-08,2.699570954815664279e-08,2.028924714782945733e-08,3.708626684512917861e-08,3.358348728924897659e-08,4.642303122430050990e-08,4.588028474991804807e-08,4.463117642377120648e-08,2.629600232963109359e-08,3.754188688752661758e-08,2.347463699859683718e-08,2.439665399940747621e-08,2.029045969245464473e-08,1.037149263155158244e-08,9.916454190349209462e-09
1.169734892024475994e-08,5.524011082476740144e-09,7.750782210516343622e-09,1.050673202915398895e-08,4.641832664567916073e-09,8.114016788646179586e-09,8.971711253662763006e-09,5.981811084682894335e-09,6.551879086292566777e-09,6.024608587180713357e-09,8.360950810732455457e-09,8.062706204583690457e-09,7.536189655350060790e-09,9.846331252573160197e-09,1.207462859463618503e-08,1.569497764793408622e-08,2.201152133902876700e-08,3.006995308390169600e-08,2.604213665541691855e-08,2.575829166505654592e-08,2.548133263974173551e-08,2.147763699500158471e-08,2.747604331062300041e-08,1.951433311410403879e-08,1.695992710356496903e-08,1.274193748282024696e-08,8.569949490273532670e-09,8.874534608347970206e-09,5.972843811579834360e-09,4.966861160822005096e-09
2.388557111725658920e-08,2.567166075190802781e-08,1.439229648323373156e-08,1.258574105265941248e-08,8.515563792237083535e-09,9.535816677774721978e-09,9.816305036625889563e-09,9.875858796469204252e-09,7.307781211277062208e-09,7.357400209706250952e-09,8.685667357663664424e-09,1.169541656139770291e-08,1.354945517487644753e-08,1.326558125811027677e-08,1.607807794714132764e-08,1.209921957859874333e-08,1.670596348083347821e-08,1.096546431212968884e-08,1.278036573059108299e-08,1.779152699605125436e-08,1.406348158619000255e-08,1.576928488409355533e-08,1.640326637652085245e-08,9.463567398109474391e-09,6.134319115095419684e-09,5.653673940125864788e-09,4.578312339113456113e-09,3.756085925405678682e-09,2.160700931610542573e-09,2.084415528407868261e-09
1.233161418288288221e-08,1.865473734703118470e-08,3.111116343197786505e-08,2.421966416002499141e-08,3.360366835606109348e-08,2.252820096246206024e-08,2.413779984073947552e-08,2.224117962344088717e-08,2.912478015118972028e-08,1.952848416316702712e-08,2.067763090365569302e-08,2.225057019804788403e-08,2.830424888277610263e-08,1.874385423809001828e-08,1.880845122799751963e-08,3.456099437643767996e-08,2.033604521247130823e-08,1.348565901181845512e-08,1.734476669535202338e-08,1.377795354665957034e-08,1.225016940002015499e-08,9.484479797869637533e-09,7.032512193883773636e-09,7.328694497931453765e-09,4.724970431854606062e-09,3.246796694675899735e-09,3.057334544679403933e-09,3.312579925751782818e-09,2.196060674032521048e-09,2.140241923831111322e-09
7.426324750518669456e-09,3.504005031643082791e-09,8.635586096285739799e-09,8.904644775041034615e-09,1.788502294422512876e-08,2.096306880669266798e-08,2.109589842049634425e-08,2.059542841900005184e-08,2.657995905583127735e-08,3.124455389952013724e-08,2.649664444186581252e-08,1.923756172236956858e-08,1.720954573519548523e-08,1.854027274455853396e-08,2.205084141630473155e-08,1.443158343637600297e-08,8.922528254663352361e-09,1.291854482096373645e-08,1.012656821537679620e-08,7.118547041226517396e-09,5.934986277615834659e-09,5.695814896141777241e-09,4.573787454751157723e-09,3.492805758283635581e-09,2.502262861860732782e-09,2.771158290861758216e-09,1.734696425454447150e-09,1.401845629653896926e-09,1.598400046904845448e-09,8.438261246216673121e-10
5.817815766742974324e-10,1.121168513373308244e-09,1.451016397589969074e-09,2.926299472558988311e-09,3.580827958417315155e-09,4.218804422212325767e-09,3.233636394284263137e-09,5.033945086578291108e-09,5.608893342289650043e-09,6.897547603520593689e-09,6.733545463501345329e-09,9.095343870972301819e-09,6.065864988612993969e-09,8.163169761144470773e-09,5.798123922422220911e-09,6.643888076767850513e-09,5.730644287931899840e-09,5.873323756322618391e-09,3.575923708898747130e-09,5.574067736699445367e-09,3.411368140468729716e-09,4.775460039581314407e-09,3.598887630018789156e-09,2.445541345424877505e-09,1.423540504031201831e-09,1.614191670042797478e-09,1.705647979133770151e-09,1.514346219993383343e-09,1.468274162264729589e-09,8.205286310826446496e-10
2.817578513354662495e-10,2.145771505105115174e-10,6.382582904811917030e-10,5.397961969535790715e-10,6.548485601159961205e-10,7.431549398222186680e-10,9.886795129500852996e-10,1.286033758726268574e-09,1.345380396612484961e-09,1.547293950735673093e-09,1.470399550675199276e-09,3.059186712583207387e-09,2.514856749954650171e-09,2.685110141196543069e-09,2.626281146510488653e-09,2.817043794499336603e-09,2.910162926590792303e-09,3.130164955175668886e-09,3.042447944935609180e-09,3.028250424842079943e-09,1.718247290041054071e-09,1.922294874996715566e-09,2.286320225061938136e-09,9.685488359579723545e-10,9.174991741568341546e-10,8.051774667162419691e-10,7.801840133889956392e-10,3.712683442889355078e-10,3.381639457838010846e-10,4.665452625358155208e-10
6.726445346112677157e-10,1.142509742817439305e-09,1.452858412109156743e-09,1.035378341813761250e-09,1.353347083336396713e-09,1.540638480094217131e-09,6.469108285539316092e-10,1.023137038998583400e-09,4.524059503849486538e-10,1.059151649166685757e-09,4.418643186818968695e-10,1.143744809641639659e-09,1.111767224261741016e-09,1.149792461939145464e-09,1.101312509724975690e-09,6.261385026871674695e-10,7.117417504114084152e-10,9.719847514420806777e-10,7.677727196489793366e-10,9.069469841742856338e-10,7.652555618717080734e-10,1.098764260781812643e-09,4.940016483312869419e-10,8.649375625078273639e-10,5.211262695007788903e-10,5.172478221094617866e-10,5.195976901667467824e-10,1.055934109403105875e-10,1.410638255813301590e-10,1.189453249865170557e-10
9.676117263013132897e-11,1.495982775538815983e-10,1.570576658569849780e-10,2.249537268157776966e-10,2.508202299831839964e-10,3.665551760057762855e-10,2.545233767446996427e-10,2.323398059427244895e-10,3.848635416550721393e-10,3.101465149636670168e-10,1.805704323093529285e-10,2.651975143035662622e-10,2.789910075871280980e-10,2.853311976891322055e-10,3.709463097798417942e-10,3.438851148839461387e-10,2.510405548161509246e-10,1.508462570403372612e-10,2.638501773822656655e-10,2.635720806206227176e-10,1.958286200645237476e-10,1.666098935456584960e-10,1.292979730825894556e-10,1.208846990569082477e-10,1.105218086360565836e-10,1.362164627144903166e-10,1.384560612153083928e-10,8.491859081218065135e-11,8.446734869015558581e-11,4.753778299539550350e-11
1.602556801434865861e-11,1.946770991278015170e-11,3.091123483242975980e-11,3.362043883562495382e-11,3.546512611796029691e-11,4.335379745971769588e-11,4.710612673216237463e-11,6.826889760601975265e-11,7.129202078760877974e-11,6.963371646464533720e-11,4.810823466887471984e-11,5.773401331811030260e-11,6.229502520336095582e-11,5.668622998444940685e-11,6.026459917890828969e-11,5.693126874102550526e-11,4.614157591093853002e-11,5.966726911337521602e-11,6.244777045128149547e-11,6.856141797971774923e-11,7.226563673537647709e-11,5.308387240461145946e-11,4.406593059820979957e-11,6.947673229909693149e-11,6.044394054719124537e-11,4.449645161932827863e-11,7.245468476388592367e-11,6.418008381194085123e-11,7.713694303341034597e-11,5.257871822475661516e-11
1.173269146784274039e-11,9.956479111227182187e-12,9.175587241740557671e-12,1.292794171738150271e-11,1.203723282928158137e-11,1.293653941394588888e-11,1.439036298223551057e-11,1.704071652403314151e-11,2.323146221697926916e-11,2.604353011953162153e-11,3.289816340204520123e-11,3.800762881075442818e-11,3.907860312708882138e-11,4.012930049126691280e-11,4.836318032030226167e-11,5.278019023809442422e-11,3.894950548861700677e-11,5.973514771951075340e-11,5.605307008588336276e-11,5.376467762068574754e-11,5.628553494284911045e-11,5.248251774931512386e-11,3.952542104350931691e-11,3.376060867078059523e-11,5.363467951661469479e-11,6.575366526804832502e-11,5.749379709687794045e-11,3.945004434852109626e-11,4.204395300014655810e-11,3.627365494560145363e-11
2.291576155194511620e-11,1.533005264494668256e-11,9.650583272249724765e-12,1.066566587166449937e-11,9.568602373685563961e-12,9.399698267476358380e-12,8.353234349871198960e-12,8.121148418612559660e-12,9.586195839144747782e-12,1.054560540428519917e-11,9.363379868193724429e-12,1.049072342481666551e-11,1.207607617859820435e-11,1.219326461141994681e-11,1.246114009184472659e-11,1.100016739460023330e-11,1.718538585472828532e-11,1.763503416720192948e-11,1.270281696322986820e-11,1.822023524753393347e-11,1.865706119230988275e-11,3.291746664607178791e-11,4.222703130501314224e-11,4.132303563219753387e-11,2.914021529928803712e-11,2.409597389513563374e-11,2.599357010993593351e-11,3.347203193281748788e-11,2.869486734893152516e-11,2.083235971683295354e-11
4.072526867771832980e-11,2.934956545422783675e-11,1.908774034478819811e-11,1.212435943669441406e-11,1.186113011310026739e-11,1.260576918041913186e-11,1.543356471773162275e-11,1.156816090639449546e-11,1.326908700669180497e-11,1.217952548056350867e-11,7.765557277935812147e-12,9.678961951947914319e-12,9.238593155321791596e-12,9.619943237656983122e-12,1.308673492305316735e-11,1.465697430243144809e-11,1.104311440747690929e-11,1.779849151758181205e-11,3.108780593585696391e-11,3.076624851417107411e-11,3.628759383894043070e-11,3.837807018067353728e-11,3.636249466366277638e-11,2.826519376301632589e-11,2.225433656093471205e-11,1.812525444935139213e-11,1.823917857146409836e-11,1.554119667588337937e-11,1.989642642837987112e-11,1.542224419958920782e-11
2.998355981075487571e-11,3.385673637970194715e-11,4.089389834687446930e-11,4.423144840591245558e-11,4.712350882135540338e-11,3.556251760160963252e-11,3.636201349488375228e-11,3.223603848417743800e-11,1.993042637719645276e-11,2.850257526653315657e-11,2.820998911761584403e-11,2.394333274141784594e-11,3.481632411498059306e-11,2.382928106403938456e-11,3.603137329967483246e-11,3.549920154802006538e-11,5.477056416574213845e-11,4.210670992228637299e-11,2.608975208087947415e-11,2.788594720703965592e-11,2.479887050235436768e-11,2.861429340453002432e-11,2.292379230295479751e-11,2.269019715579469136e-11,2.134938361374673579e-11,2.297000700312920494e-11,1.803864078617554734e-11,1.454783707645189611e-11,1.750679658965423088e-11,1.282993184590843541e-11
2.180716522291243316e-11,2.923804878538974019e-11,3.464162248510347136e-11,3.470585864129921766e-11,3.966509644406923321e-11,3.628177020270545951e-11,4.987851754312302597e-11,5.310789047082650795e-11,5.594303904761483536e-11,4.949565306752104245e-11,4.884427948748109446e-11,5.904839531699091664e-11,4.458063770389715730e-11,3.689654518929189412e-11,2.966502181596823198e-11,2.755149223172753004e-11,3.928076551975735582e-11,2.271486613437189364e-11,3.701241782683008448e-11,3.271272177892471452e-11,1.765347365749234873e-11,2.897440774407386265e-11,2.215243402106522244e-11,1.957250685503759574e-11,1.855839916176521611e-11,1.241190589086738706e-11,1.119533421679202384e-11,1.193568215057209548e-11,1.340494165099915317e-11,1.085374257528552719e-11
1.464926226203956677e-11,1.956358358957889005e-11,2.093620557617611389e-11,2.647240716733001732e-11,2.616841274630662396e-11,2.630174341791246420e-11,2.928639239463824248e-11,3.107340513309776476e-11,2.324361321439979313e-11,3.687576613753943516e-11,4.097545750329578012e-11,3.879825226502925325e-11,3.824510746342469073e-11,3.326969259540628040e-11,2.598941988140395563e-11,2.339361427540302372e-11,1.936778607787405112e-11,3.105326312423591886e-11,2.131934858980767035e-11,1.659385514904937093e-11,2.045392612141716901e-11,1.963716507016434294e-11,1.138268593430997344e-11,1.507847057563129188e-11,1.330276908672093940e-11,1.200771937049617453e-11,1.141472640061228866e-11,7.316779317487306432e-12,5.837831253296533946e-12,5.884957802930996502e-12
4.447219004838781548e-12,4.932922598312195146e-12,6.393431714463415703e-12,6.131521026895774266e-12,6.545722120935756422e-12,8.288050185226575388e-12,9.700920052496268576e-12,1.474742193568483867e-11,1.231403567416439070e-11,1.868207841052314758e-11,1.708270282704271880e-11,1.633978024597048922e-11,1.157679296621401195e-11,1.059231324486780473e-11,1.080588678011444709e-11,1.496921091711146639e-11,1.493289741729216792e-11,1.097093903612314328e-11,1.359328343840051936e-11,1.156997199018785934e-11,8.130056232973040076e-12,1.013198518322244466e-11,8.191475202665277518e-12,7.232180023366839722e-12,7.678742334915744979e-12,7.041983208099494952e-12,6.687645591061301688e-12,4.732978163850183369e-12,4.801718373627747483e-12,3.290714360416001967e-12
3.622933694029823432e-12,4.846006260598599478e-12,3.789298351835103699e-12,3.902896174319797905e-12,3.774458479187375247e-12,3.512173065914030578e-12,4.550678935242577605e-12,4.367142258649115995e-12,4.796784343582225282e-12,4.804910332172428723e-12,4.778525333994591903e-12,6.591211258211050817e-12,8.911615301526697591e-12,1.103906608593568261e-11,1.142011044650269830e-11,1.209885017666760741e-11,1.133861748516179969e-11,1.230111314864874885e-11,1.090607305016209584e-11,9.523997075160423902e-12,9.668394149988893783e-12,8.238432769340854797e-12,9.218681068529906611e-12,5.483444697069659159e-12,6.735342169415861506e-12,5.545860145630227012e-12,6.480759968710777710e-12,3.526641414008196243e-12,5.511782671784399685e-12,4.591648221718838168e-12
1.814654828721400258e-12,2.480992585765307938e-12,2.842196340111275153e-12,2.486362797527180233e-12,3.508080033098757908e-12,3.099331109461115456e-12,4.455183573083492849e-12,5.272097895755862416e-12,4.558825415683267313e-12,5.535505229440961636e-12,4.792794080185281177e-12,3.803545878056744905e-12,4.314750233640358402e-12,4.966218923982409521e-12,3.736127163376591459e-12,5.010594750824925126e-12,5.046393814050885340e-12,6.091883751818000242e-12,3.343394073449105301e-12,4.218010319748040766e-12,3.261269026762421527e-12,4.344487786002156992e-12,2.628196751649513445e-12,2.855254833963896930e-12,3.963478746821469716e-12,4.433992659412863498e-12,3.472695191035728179e-12,3.505782282125415517e-12,3.398639297630208068e-12,1.960599404436283527e-12
1.392369340018427989e-12,1.168164342451164502e-12,1.342829329764024012e-12,1.545264110409157994e-12,9.529287042696978270e-13,1.159455588485897373e-12,1.240717908078577045e-12,1.826801831877404275e-12,1.796401588019385825e-12,1.775133162121193222e-12,1.129041827510552175e-12,1.618156875248635484e-12,1.818811715633444959e-12,1.626349880244791343e-12,2.070407343967916190e-12,2.414942883897513986e-12,2.367279993745358603e-12,1.767306084677616364e-12,1.433953961540193446e-12,2.368283447894998668e-12,1.571679664274137655e-12,2.466563262958106405e-12,1.883375084226335376e-12,2.259990834082383367e-12,1.758911539765880851e-12,9.856959753040488834e-13,1.302780479942508062e-12,1.100850279135373409e-12,1.314903300039046790e-12,1.282675814399806220e-12
9.433099700721938128e-13,8.056694489389545920e-13,8.071636558010362681e-13,7.362774174137331325e-13,9.644866837486920682e-13,9.810978844053510463e-13,1.077470910794586599e-12,1.126534099889859156e-12,9.896320611499013648e-13,1.276769296212888690e-12,1.250635759034011843e-12,1.026080228283423501e-12,1.300740218678379502e-12,1.179762517295701628e-12,1.478853476991196694e-12,1.239032392365116882e-12,8.928037233685586269e-13,9.623313235706966841e-13,1.051541495623571998e-12,1.019909816809472188e-12,1.273462278864629230e-12,1.021817884617580885e-12,9.689320627840032255e-13,1.186954193205889341e-12,1.255848822654792788e-12,1.045023664871164337e-12,1.294009061344953872e-12,1.054703794504222422e-12,8.412374334485645714e-13,7.055507129203723037e-13
1.007676105753302657e-12,7.405889962408435831e-13,6.086963321347052322e-13,8.438415310288587789e-13,1.065528097325831626e-12,9.520793904099662309e-13,7.741706608112922010e-13,8.013050954048679547e-13,6.968021631197137345e-13,7.658942994803529004e-13,7.603643334725459328e-13,8.456133185883611797e-13,7.634032229065117938e-13,8.779717031933250153e-13,1.195142308048801594e-12,8.144046497724707062e-13,7.460227721675291829e-13,8.048030251832249417e-13,1.017310123708134225e-12,8.128543614502740862e-13,1.013396571633193704e-12,1.076448017617572364e-12,9.981705137120775560e-13,1.020302811283115347e-12,9.510406838952005560e-13,6.873927142929704354e-13,6.568162542330453671e-13,8.016152341193374222e-13,9.660160471895138169e-13,7.289461857423147674e-13
8.505658629503497747e-13,9.793598031723687791e-13,9.487513673052559083e-13,9.566821902773152194e-13,9.445988251502235139e-13,8.177534612469500168e-13,8.086821176110234447e-13,8.090208375811171142e-13,1.030805452185186739e-12,9.953094647164815641e-13,1.139143085704977172e-12,8.723350274296916412e-13,9.214448915634623104e-13,9.756945440143517103e-13,7.932003886996634294e-13,7.553455650145351265e-13,6.819903913340690038e-13,5.201119676587540107e-13,8.718702246604925714e-13,1.031742640253284918e-12,9.170551683629606264e-13,9.690509299320051552e-13,8.378098089065219712e-13,8.177855952010318830e-13,8.436576324072539574e-13,9.624419999209364271e-13,8.037823075777674108e-13,6.025891071244579924e-13,8.668972034088644885e-13,9.081759338128409565e-13
1.517514801199895732e-09,5.436359929588169746e-12,6.912740709272601050e-13,9.948059509658894345e-13,1.141656319364006818e-12,1.016398465345396003e-12,1.103015574306011571e-12,1.185497470197221447e-12,1.273595455340200228e-12,1.169440161772558069e-12,1.460505718704131418e-12,1.346777018973369601e-12,1.209037945395439640e-12,1.349278370527194264e-12,1.256998163256462067e-12,1.025689577824681843e-12,1.131133735093441584e-12,1.261988286871700161e-12,1.209653097051057872e-12,1.246647765852360938e-12,1.227281923866120867e-12,1.231020639350065275e-12,1.097838231297824695e-12,1.171612031168060504e-12,1.216260293134207329e-12,1.386940038046993947e-12,8.043564174735206375e-13,1.100041058361736396e-12,1.016362136046925124e-12,3.801852327616500445e-12
4.252373558428512535e-07,7.686180056029480412e-08,2.735423475207270701e-09,5.205833986081660992e-11,9.533050124738469288e-13,7.762608593353966658e-13,7.658503524785646269e-13,7.919460055136186053e-13,8.694400689836321944e-13,7.240674316568433064e-13,9.306901747747076319e-13,1.015341247250582414e-12,1.041125697706723308e-12,1.077269993216312711e-12,9.893206382724802993e-13,1.135713527589975431e-12,1.082380045803916828e-12,1.035343977028973454e-12,9.604366554586215894e-13,1.144383377789996545e-12,1.002230082829608118e-12,1.112178559400700850e-12,8.797346891010520079e-13,8.191159296883791524e-13,8.956035972278247390e-13,9.130831384041415054e-13,6.174807435289197603e-13,1.907866896415770926e-11,3.832454285935743412e-09,9.287482456957504952e-08
9.376968244180572991e-07,1.904610190009696046e-06,3.924124571047210361e-07,5.893004223550013930e-08,1.143597638607428507e-09,1.060835880516616767e-09,1.081782477964564178e-11,8.101558952030670509e-13,8.176599333403098762e-13,6.722310259749137777e-13,5.686293510449649892e-13,6.650160148095980777e-13,7.934285280869817424e-13,6.728757402206842962e-13,7.040842039475043640e-13,6.603289116588738945e-13,7.871126944351534444e-13,5.853431460106868408e-13,5.986240477303856756e-13,7.452968243281011912e-13,6.413997895168494520e-13,8.035236682567479100e-13,6.550732734926053306e-13,7.992487355126921468e-13,2.035726236189148647e-12,3.858195961278383513e-10,7.920129443794588505e-09,1.932038958581869190e-07,1.723296484016008324e-06,3.672938695806584044e-06
1.147542275519096096e-05,4.056113876395820984e-06,5.217789761687323891e-06,9.759324443601872111e-07,8.926952105395821507e-07,6.791689651201832455e-07,1.116311564367130077e-07,1.259613609031214865e-09,1.440053552734088454e-09,3.457496896101958122e-11,9.935564055703760139e-13,6.207201052788038959e-13,6.954777622171519933e-13,6.354873797627667747e-13,6.282993252037382328e-13,6.712819470112668546e-13,6.940645885227832767e-13,6.457376151639833962e-13,7.412206189280388127e-13,6.064207409679350045e-13,6.536572014466960408e-13,2.215901913530303306e-12,2.655940342526493414e-10,8.418878064526389210e-09,9.494112378160841269e-08,4.757203443962204180e-07,2.927269741605067127e-06,1.270642932618649620e-05,2.821600538012161970e-05,5.470086162381408701e-05
1.938755868702888663e-04,9.731422145074525732e-05,3.064613168252442680e-05,1.234496354498987517e-05,3.280993768036009339e-06,4.784465308199700339e-06,1.084266529344497580e-06,2.029625911614426781e-06,9.062837851101657984e-07,6.661032687695190152e-08,3.731054560627903187e-08,5.175653391752643532e-09,1.358232942617440208e-09,1.102030912804702292e-10,1.727899509714137910e-11,9.270205737272999002e-12,1.432736418234756592e-11,3.030288653576939352e-11,1.317932075189127979e-10,2.434986607444122832e-09,2.070147513977230841e-08,1.432573336166097974e-07,4.709687314098944803e-07,2.124122415097157449e-06,5.311238492626302455e-06,2.414700174735470001e-05,4.922778844047946413e-05,6.385460387416906907e-05,7.970932385721856816e-05,1.578639576672400812e-04
6.066816338910539872e-04,3.421048089332458307e-04,3.615646601104816667e-04,2.410737204462243667e-04,1.564713651751766508e-04,3.965049775566726513e-05,2.181357947089148703e-05,7.419205946928029856e-06,9.586354543446297621e-06,5.837811813725040516e-06,7.818468648328792742e-07,2.415738030649405025e-06,1.383736487450263541e-06,3.946449206781333587e-07,3.563736477604864579e-07,2.186525385690312920e-07,2.165698415211590886e-07,3.424734205331017719e-07,1.149535153203595700e-06,3.335542604252394687e-06,9.855695424853615935e-06,2.233977786854330106e-05,4.598506785666360780e-05,7.660092467948683456e-05,1.288663225510630844e-04,1.530113181479194023e-04,1.096326493314193456e-04,2.421930329226425075e-04,2.566826656678915697e-04,2.872680615559342066e-04
3.886908467979840217e-04,5.740676946851121058e-04,4.904491303159307959e-04,5.591052264152696245e-04,5.819030173566621571e-04,5.226630747048071528e-04,4.239857825790663151e-04,2.384484095642398001e-04,1.379390867487843527e-04,5.353399669027166706e-05,2.814430714679265632e-05,2.335610619745995267e-05,1.865157813535170698e-05,2.592861024132966311e-05,2.236655727023741791e-05,3.150683622821164829e-05,4.429274222701162496e-05,6.210723298590227926e-05,8.253573161620088511e-05,1.143640117193927679e-04,1.328472953643516940e-04,1.999456338491360308e-04,2.496855703144763958e-04,2.680652949198940641e-04,3.165792968497056705e-04,3.547562397711579688e-04,4.017909221512742999e-04,3.922295332415637673e-04,3.835215047383149487e-04,8.637554747650669001e-04
3.558586620283796199e-04,4.365512028398540459e-04,4.845858299272349503e-04,4.585491340483350306e-04,6.008327505449852484e-04,6.325635627194299126e-04,6.728960303313014655e-04,7.349507660625680377e-04,8.647127521770507988e-04,9.578488704051603495e-04,8.395456639266560836e-04,5.893409077339171586e-04,8.293172143167061887e-04,5.009597880828950975e-04,4.291628023546568038e-04,4.296306980499846957e-04,4.016748271341962352e-04,4.304401367955756051e-04,4.291285095559588714e-04,4.769700324870208949e-04,7.597330422619204835e-04,6.747138288329137222e-04,5.723617080408178884e-04,6.496931714279331705e-04,7.884144545659683935e-04,8.053369328787103988e-04,6.254223307627730091e-04,6.892997779944219118e-04,8.309932093301767046e-04,7.374560444090425730e-04
4.467255874999610365e-04,4.585300498700490787e-04,4.985537353680171259e-04,4.779174434620594037e-04,4.160584860974979944e-04,4.905375721299383516e-04,5.031331736644773390e-04,6.342514988648478239e-04,7.029723705087744358e-04,7.649854020952369165e-04,9.919162731355476211e-04,8.541110643115656844e-04,1.236630013562658656e-03,1.065343276908762692e-03,1.287002548817855942e-03,1.238214517200401932e-03,1.407148870590900578e-03,9.408136098042081934e-04,1.325108512594909633e-03,1.188623880152475188e-03,1.144501409262575460e-03,9.275065827524455082e-04,1.042473923222332708e-03,1.004413438757938625e-03,9.815777253522569613e-04,1.015527271993835450e-03,9.677843986456471622e-04,8.520485185048033271e-04,6.436421908698018854e-04,5.236801651691490832e-04
3.293803422559308928e-04,2.535879912681629814e-04,4.484786481134034786e-04,4.318056235174463366e-04,4.268144555404303794e-04,3.783913655885630064e-04,5.402794700555125888e-04,5.418619344727436870e-04,5.391309709955405607e-04,6.071596145382575404e-04,6.216337722049834584e-04,7.052775301101482999e-04,7.241548413861406295e-04,8.133316516731208846e-04,8.856848105957599747e-04,1.000388318412646785e-03,7.049182352708448143e-04,1.001691789801899962e-03,7.669740902249952462e-04,8.915416310170113561e-04,8.738777627044527719e-04,9.696518860606696908e-04,7.420023160837240428e-04,5.614017400683619539e-04,4.885530022848526147e-04,4.629443750274284553e-04,3.451016813033378578e-04,4.444958691312531247e-04,4.178092516496893110e-04,2.438551564504335431e-04
1.938509280321264292e-04,2.070919286949423320e-04,2.155255915799047671e-04,1.879540776847228275e-04,2.847945675800703973e-04,3.121842556431114616e-04,2.522297096802801728e-04,2.327643336286993703e-04,2.872147374384461825e-04,2.791458117595241946e-04,2.398835965805467434e-04,2.844171480264772768e-04,4.419294220422502993e-04,3.975987232882402652e-04,5.189118206780732887e-04,3.705258720763265380e-04,5.591422724542872069e-04,4.642067336548560443e-04,3.684958451889119011e-04,4.099508898779029363e-04,3.460475442476770250e-04,2.640391798325704767e-04,2.517602027475334043e-04,2.997702545681910557e-04,2.695306852873654581e-04,2.175272805212343809e-04,1.716515736015716907e-04,1.334272207167045787e-04,1.529156059623933226e-04,1.259910026404234367e-04
9.404555330986560198e-05,1.526749018278565823e-04,1.764257258563914506e-04,1.221649721949212650e-04,1.449423068565212675e-04,1.302423126631325307e-04,1.745905517627676306e-04,1.764639585423164239e-04,2.597450439366649354e-04,2.276002733086344347e-04,2.729764021856921088e-04,2.261407484159136882e-04,2.254058090241562622e-04,1.915149699227738748e-04,2.031177183771301891e-04,2.203489127803626179e-04,1.777293207802964825e-04,1.822021808825137891e-04,1.473066245317725587e-04,1.280305379186634485e-04,1.201016901830200911e-04,9.517115939388165274e-05,8.468543701294703604e-05,1.002624231337339938e-04,8.195694296632511310e-05,5.492939814578453884e-05,5.149866546565683677e-05,4.091287402359308778e-05,3.209505192797295898e-05,2.669813079133921278e-05
4.434857375204094359e-05,5.798724224016090590e-05,4.244115147215183367e-05,5.100326742710501658e-05,5.351149617829306274e-05,3.838923728239411969e-05,5.328186458460876089e-05,8.630636887436461679e-05,9.202946657781678344e-05,3.785667990823911652e-05,7.013113885664227251e-05,3.759266628359891313e-05,7.780485314170896020e-05,5.997018805233906473e-05,4.760167435955367933e-05,5.067337344960536744e-05,4.298646042665392746e-05,3.875258752965432676e-05,3.510271674108472007e-05,2.708819373829375786e-05,2.926600088121662947e-05,2.147597455864531471e-05,2.493626250894078632e-05,2.013111632280899775e-05,1.665362888644296018e-05,1.492579045116767237e-05,1.301828403641992129e-05,1.258208624958080179e-05,6.937863058041692368e-06,8.546588401146490329e-06
8.143511404675080506e-06,9.332234855741333509e-06,1.410636903206128755e-05,1.895873705359340069e-05,1.782686602865642296e-05,1.632351652468507674e-05,2.167869045406033157e-05,1.993823342029049636e-05,1.817066789153687324e-05,2.361548381914433458e-05,1.853942665875879566e-05,1.683802470586857016e-05,1.968377398639258684e-05,1.849824229328066541e-05,2.041511670756030651e-05,1.405804899926546382e-05,1.140525279686775578e-05,1.047681598758435858e-05,9.121321938933282060e-06,8.693560185952547804e-06,7.298097264197505933e-06,9.151190298565170774e-06,5.872734195767412025e-06,8.114762677602003926e-06,7.101647351327403050e-06,8.801126675012004778e-06,6.310945247129171173e-06,5.482115019393125727e-06,5.059716321316214593e-06,3.469498896598799993e-06
1.466872309519310517e-06,2.895228721651880935e-06,2.250154623065024076e-06,2.499265527211286796e-06,4.133826935237789364e-06,3.932056682218776117e-06,3.954509331179009475e-06,5.026858955194090370e-06,5.896293264009566292e-06,5.067029955454696888e-06,4.223009361736576065e-06,5.607166696650494802e-06,5.988611167267579501e-06,5.477378428047919570e-06,6.561544131811883496e-06,6.536398058617850556e-06,5.337043521406728815e-06,7.571183221360538352e-06,4.618397367800197942e-06,7.141463544401608009e-06,8.514983182267389647e-06,6.595445678337972380e-06,4.764495188285189841e-06,4.796264192425584771e-06,4.086794351599940661e-06,4.282051520243030217e-06,2.685234764747187709e-06,2.969909842528455444e-06,2.509755489661176015e-06,2.222407998152295780e-06
1.087952686165605212e-06,1.517273495077909196e-06,1.236638362864578998e-06,1.478692199118686784e-06,1.502116058334317129e-06,1.591889597568926424e-06,1.425017334945856812e-06,1.560007044470210887e-06,1.720694800102822685e-06,1.479883298208762268e-06,1.585044816302070594e-06,2.084879185199738336e-06,1.570277983308132685e-06,1.939605587006202897e-06,1.650552056032369007e-06,1.774490150854756794e-06,1.774706896480400828e-06,1.828947597849884848e-06,1.629285309127465307e-06,1.633379265846076395e-06,1.519942630563480940e-06,1.872970040530308331e-06,1.660820168167646394e-06,1.361155903416939271e-06,1.404254884001881763e-06,1.127905317778200243e-06,1.493345754867365885e-06,8.944170074106139716e-07,1.046997611024035626e-06,8.549920924410587113e-07
9.247807368073402649e-07,1.034736102970163064e-06,9.553121140205313257e-07,1.032189227956919202e-06,1.158146870028777897e-06,1.254350939903053824e-06,1.115662775704151969e-06,7.930807223458797931e-07,9.714537960386461289e-07,1.000361729644602202e-06,8.381111848047765768e-07,8.916120349305659546e-07,7.547954189834272326e-07,7.521957204991759028e-07,7.436934718403063432e-07,6.678246708185507301e-07,6.696299098913292587e-07,5.285628070864106825e-07,4.988249554291261516e-07,5.230959199423612496e-07,6.462026563148371196e-07,5.106195498791320094e-07,5.545800383684898905e-07,5.604037341358593810e-07,7.254954642564178783e-07,8.706727413880411363e-07,9.147548298655362260e-07,8.974637926231025643e-07,8.754393233856652599e-07,1.117708404916951178e-06
7.487586804644720705e-07,7.573032489459198762e-07,6.444520799039318044e-07,1.259746248265003822e-06,8.994608761964087128e-07,9.582205511714696445e-07,1.260734867537752009e-06,1.124534202549520639e-06,9.679549937429461394e-07,6.666881204292393517e-07,1.085299391506268653e-06,9.265884846192572056e-07,1.145131740584847024e-06,1.096397992758607279e-06,1.061690522972844512e-06,1.119272148718504167e-06,1.200141510790703321e-06,9.425304831835999120e-07,9.568108358485242688e-07,1.122806214496966682e-06,8.771989218808234706e-07,8.198513618182449837e-07,1.050349639201884261e-06,9.385856352659256602e-07,1.061027817403999446e-06,1.337575967300626259e-06,1.202494288296548730e-06,1.151877971787194477e-06,1.205633364724499524e-06,1.151286485129109516e-06
5.392369895539121000e-07,7.181835662187563780e-07,9.520722270174886958e-07,9.554125821060378306e-07,8.709086322285289286e-07,1.082968618725883656e-06,7.972613207194878418e-07,1.134723832076691597e-06,1.280105748230088163e-06,9.334053347360135101e-07,1.228120793102966681e-06,1.277993860214079792e-06,1.158863234745012561e-06,1.563844167643485194e-06,1.280064868301983411e-06,1.190093930962505614e-06,1.028542179466789892e-06,1.482805855914947176e-06,1.265723027100303527e-06,1.110192839282909367e-06,1.442456634030034497e-06,1.016444757811485263e-06,1.042888867935449803e-06,9.931435446142725841e-07,1.067949344268463102e-06,1.192272524843612065e-06,1.022444201540423413e-06,1.267209158301472889e-06,9.103320636669563288e-07,8.453442392190175698e-07
5.747775472429926410e-07,4.449781590806976729e-07,4.920660070102310522e-07,5.503978760790759021e-07,5.926248471684314183e-07,6.193024552502439780e-07,6.829038457815201686e-07,7.201843993955421023e-07,7.506868850817977967e-07,9.787733516735689129e-07,8.470125957896655785e-07,1.006914428690473178e-06,1.002019789134435138e-06,1.114938623998878569e-06,1.059208900893689692e-06,1.068742151090038273e-06,1.361394712405229757e-06,1.043657190803975073e-06,1.023375144134163941e-06,9.847844388836895286e-07,9.527041932476027298e-07,9.714591396518918476e-07,9.056245967081661588e-07,1.181967148611453516e-06,1.155614749060641026e-06,1.270130622233352321e-06,9.982951256042163782e-07,9.432060638279689876e-07,6.194314089796190748e-07,5.334357609605199726e-07
3.075686765969595543e-07,3.411692797161337020e-07,4.097760687004518158e-07,6.343497383100732601e-07,5.091823004321626577e-07,6.488576552313009462e-07,4.339678107023899062e-07,6.795751286466979125e-07,6.910788616427885437e-07,6.950748551803720385e-07,6.227198827358501344e-07,5.638518675633759130e-07,5.981578789005145373e-07,6.032069650587184034e-07,6.074643288537458864e-07,8.716493023968074692e-07,6.722184115688573481e-07,6.926794278319721377e-07,1.014951617689544914e-06,8.605814754080766489e-07,6.166535713648307385e-07,7.135764162452706027e-07,6.271144729770947286e-07,7.156602299027190382e-07,4.165587901825219655e-07,5.062790279234834630e-07,5.232874117892619133e-07,4.346676203977597994e-07,3.787070350145156289e-07,3.942032707899772046e-07
2.208953581038500993e-07,2.915127635292980890e-07,2.893858282850765413e-07,2.640753445527503726e-07,3.156207700656277460e-07,2.516859265511295484e-07,3.026787800139017986e-07,2.723161980398190370e-07,3.619320547150933766e-07,4.313561820463358123e-07,4.275574861007115666e-07,4.005624962676152783e-07,4.336502642347756426e-07,5.555516021149472508e-07,4.309374867421835617e-07,5.818919621913782549e-07,4.135918894389393650e-07,5.243284233831380764e-07,3.685232050833739821e-07,3.780469872632251262e-07,4.178105775466956402e-07,5.864893638857793824e-07,5.251276183415047117e-07,4.204783118955356203e-07,3.244630662075744628e-07,2.909949195694157714e-07,2.851776653023576916e-07,1.960172754077241192e-07,1.413513674013964075e-07,1.094283418654522991e-07
1.601995137322438087e-07,2.249319913004121056e-07,3.302914254246435130e-07,2.459555006936960502e-07,2.335403966145615712e-07,2.716645553275627200e-07,2.812538060903740176e-07,2.547149626478616028e-07,2.364522353956080987e-07,2.616012915461831344e-07,2.733543405507438031e-07,4.326305544499935867e-07,2.678812174853796388e-07,3.686719980966034460e-07,2.317351992399103933e-07,3.528882806879186946e-07,3.288740621182911394e-07,2.565202374837020650e-07,2.179316800183540653e-07,2.449461509296756656e-07,1.937235080279151190e-07,1.973335871704569593e-07,1.497075268924617138e-07,1.337183896111362450e-07,8.147543168081736425e-08,7.451561626179257925e-08,5.515803197712245430e-08,5.012691196940242490e-08,3.796545040037605695e-08,3.172347081327673532e-08
1.851355027886507689e-07,1.846937269963495941e-07,1.380495632626565244e-07,1.487616208694140626e-07,1.109279150074494646e-07,1.404478630420701354e-07,2.138061747262437972e-07,2.965802018896423183e-07,2.247180083075612533e-07,1.312843482050135166e-07,2.275780583459720367e-07,1.948750827101920840e-07,1.898762762799958672e-07,1.695815834077638169e-07,1.501108059909212868e-07,1.301967166043829555e-07,1.217664757386797870e-07,8.369118265730463771e-08,5.626044231414731889e-08,5.307940652430409560e-08,5.170217144420600801e-08,5.616573721234989629e-08,4.142655995819053612e-08,4.336542389825090277e-08,3.877568292404123930e-08,2.620848602429666850e-08,2.899700858671353146e-08,2.779410356854547174e-08,2.688505577322177148e-08,1.638952289236724546e-08
1.828740708883712415e-08,3.212545785705287212e-08,3.259654562095598362e-08,3.793703779358012518e-08,4.133166067185273633e-08,4.693281672603263144e-08,4.883600248680342900e-08,4.503381149155285400e-08,2.756297408978645032e-08,5.371464005391084059e-08,4.805801962135810011e-08,3.802562435707583633e-08,4.927907250684018714e-08,3.781396838158451790e-08,4.453368712054845496e-08,3.840098203082732912e-08,3.828479839052755474e-08,2.604115852902763443e-08,3.650861184435762475e-08,3.337388654908692595e-08,2.614703035180729175e-08,2.085134271842250102e-08,1.979781454794583520e-08,1.902433916510789164e-08,1.386656984513993875e-08,1.143454489556328279e-08,1.267623393774812977e-08,1.192684628243759125e-08,1.146191431743483101e-08,8.683243304647716630e-09
1.149964355919590098e-08,8.059859358545306488e-09,1.110998074929059622e-08,1.104816766924330683e-08,1.247785079109453685e-08,1.666830635264604322e-08,1.426854836338377508e-08,1.250322245549541919e-08,1.486997253095638208e-08,1.912038069609049535e-08,1.234171578298527795e-08,1.746780680201695678e-08,1.333024200635472436e-08,1.350582900590875664e-08,1.118241790934152405e-08,1.139133209872397551e-08,1.048172871243612982e-08,1.324156225862901313e-08,1.017935867275687093e-08,9.184731658059313862e-09,1.114991036867570432e-08,8.934807653015866763e-09,7.940539945005669936e-09,7.861190374463408700e-09,6.220007604558960833e-09,6.385697292822813922e-09,4.494696154289436689e-09,5.516153049786191557e-09,4.068979492002392657e-09,5.091557342583352761e-09
3.394083611498325681e-09,3.851285171279935062e-09,3.664180999940583580e-09,2.659083857741374769e-09,3.217018018614797547e-09,4.238145105308199536e-09,4.323545952094645866e-09,5.970689580845145297e-09,4.475839331193796404e-09,6.429607333436457734e-09,4.530191082950194973e-09,4.712725672242065259e-09,4.240538063680727452e-09,5.124917172528647424e-09,5.617235309481914785e-09,6.517277107036878787e-09,5.407666465650581347e-09,4.126772831112170184e-09,3.705448607971366918e-09,4.387642174728990639e-09,3.226831842381777693e-09,2.937825038160245895e-09,2.806960581816943670e-09,2.713581088610209337e-09,2.848267573249760871e-09,3.029250234461060781e-09,2.604819289264526883e-09,2.672813130386676415e-09,2.253739723521200447e-09,2.043142401591907826e-09
1.152475865400917507e-09,1.838649071901969933e-09,1.528184568127664151e-09,2.099659914968470253e-09,2.260204115699494470e-09,2.888759335221006835e-09,2.632655592789007649e-09,2.909408464012463263e-09,2.150252767722238064e-09,2.744621071352021324e-09,1.971304699964092354e-09,2.157403547703211340e-09,2.325602978776696604e-09,2.128300185173181923e-09,2.359272641727797116e-09,2.255315238161453276e-09,2.429863584808627907e-09,2.442746367830676066e-09,2.166961096622406151e-09,2.104000456549240045e-09,2.025977546110278825e-09,1.877986388155677876e-09,2.150409258429576341e-09,1.990674659704215712e-09,1.449079336025298806e-09,1.715077048485373079e-09,1.396504859410534991e-09,1.815602962540891601e-09,1.598255270275625102e-09,1.418756018675430332e-09
1.094574930509319417e-09,1.165764108747110494e-09,1.256706642602387362e-09,1.082325401248553971e-09,1.199761850555344425e-09,1.040545711289615321e-09,1.262914380272442280e-09,1.216635871226335020e-09,1.379875673935060447e-09,1.605453573641860605e-09,1.265095333077882382e-09,1.953894008770241376e-09,1.631879228352350763e-09,1.508920872550761702e-09,2.326420531204216566e-09,1.873334880360026233e-09,1.871985917327204375e-09,2.056798037931239203e-09,1.504480642419357001e-09,1.430423709853263011e-09,1.611869309082137815e-09,1.526328334325948063e-09,1.489796514396628664e-09,1.935935076612306864e-09,1.651076666844041579e-09,1.529813928452193747e-09,1.760397777952444547e-09,1.586485805188623231e-09,1.781945238787536159e-09,1.604508973560441407e-09
6.663558698583907832e-10,1.003273598555891853e-09,1.279586342621065861e-09,1.158878295061114573e-09,1.393471065292680526e-09,1.149033583136347870e-09,1.047428446493260740e-09,1.759372087746591576e-09,1.495711285255913380e-09,1.544199088558686568e-09,1.126997566478438671e-09,1.189682009278622850e-09,1.284249738125899761e-09,1.423246441401429333e-09,1.126980838235077803e-09,1.216625836042206752e-09,1.337957684771768798e-09,1.072986549979999982e-09,1.370274643503335771e-09,1.115576937966180634e-09,1.616281851282159621e-09,1.673571292398344425e-09,1.405235375436830538e-09,1.284699117986227484e-09,1.351425605650002993e-09,1.375377493223694742e-09,1.232554712814885223e-09,1.142443868810557406e-09,1.262152316065012310e-09,8.571256103925898480e-10
6.136575871740461551e-10,6.526700955121025443e-10,6.192526869610913505e-10,9.678373298242871267e-10,8.668243931370826018e-10,8.547136175094818408e-10,8.274772850805258500e-10,9.476093363451181331e-10,9.123016754680260900e-10,1.081965869332086339e-09,9.588799601455446304e-10,9.823778154378179709e-10,1.097987030418416961e-09,8.198690155129443543e-10,7.535394822498998592e-10,8.348160296566522314e-10,1.027619180301992559e-09,1.079288160186108788e-09,9.985731717654245463e-10,7.796262855761214944e-10,9.068653780215391621e-10,1.020506506566290341e-09,9.838349119497909077e-10,1.042766600450626140e-09,1.166580234604225541e-09,8.707372277961141562e-10,8.785750646685368568e-10,1.421085322492312699e-09,9.411084094554556494e-10,9.476172929854670969e-10
5.507742802859042161e-10,8.424929734564682285e-10,8.783307842850887735e-10,1.038360830729147608e-09,1.366546782023520898e-09,1.243479101695965157e-09,8.634408235076255777e-10,8.371208947787323461e-10,9.826182482314722629e-10,9.909792207071493271e-10,1.056123351121967622e-09,1.011164515050343249e-09,1.043919273146201213e-09,9.355246165098625684e-10,1.211739410228520487e-09,9.968553124939255615e-10,8.747946012606184492e-10,9.715772081366241400e-10,1.017433461473063271e-09,1.024148010695652537e-09,9.831018353749482046e-10,1.049122772230225059e-09,1.051017909377406125e-09,8.827299832281145523e-10,7.520780535984525421e-10,1.005283125153879406e-09,9.186419602752141446e-10,8.385738134083128711e-10,8.005048553251794777e-10,6.791380489783530436e-10
5.193276653980384264e-10,4.954230744781025722e-10,6.446113789656433751e-10,4.641477082744466781e-10,4.617727827327191865e-10,5.745207802430343056e-10,5.178255864174518777e-10,4.222543179180081909e-10,5.943168760293413909e-10,5.924849447901529741e-10,6.702653293166912037e-10,8.728507681963396612e-10,8.118580488103892977e-10,8.386736420722363706e-10,7.881623154913030660e-10,7.633536056901588544e-10,7.158035200559561986e-10,1.035164268538188190e-09,7.105429747107830467e-10,9.414783592858929858e-10,8.420252064696070010e-10,6.089439932070813486e-10,6.705606703780065422e-10,6.150113573449810050e-10,7.178624995251706295e-10,5.944124138158135315e-10,5.779466104687125363e-10,4.358839076445912568e-10,4.238500660962972792e-10,3.937648806934859614e-10
3.120221469739056610e-10,3.512748154076502833e-10,5.108346692331507388e-10,7.370918166614638165e-10,6.460897565482734852e-10,7.064121146227680617e-10,7.337660714170837517e-10,7.104899372289291650e-10,6.319713911359700602e-10,6.533816782710752770e-10,7.640046456789472210e-10,4.512244625698372511e-10,5.215585633942958378e-10,6.166461998263442499e-10,4.330344385543445411e-10,7.166776196907764124e-10,5.535698644732688607e-10,6.244337506807261548e-10,7.493171456038999083e-10,6.152399106501264793e-10,6.074626656091574864e-10,4.568730529565393809e-10,3.809422836632098256e-10,3.921282653659007533e-10,2.596249905754493145e-10,3.230651412381113405e-10,2.767662694335099553e-10,2.611343563799073709e-10,1.844248023935709209e-10,1.464953633259056749e-10
2.761904046406066703e-10,3.066229224801082842e-10,2.896869314694730541e-10,2.186038348685689336e-10,2.702143284334739775e-10,2.948415766158062570e-10,2.975689788326235686e-10,3.088228673243509149e-10,3.427626996526383703e-10,3.964739083852290063e-10,3.639045873037504887e-10,5.613652775951078829e-10,3.684241448434786237e-10,3.906493697529032385e-10,3.754560722726523485e-10,2.640167260817549840e-10,2.908896502280703497e-10,3.004498955536267409e-10,2.500459807691507499e-10,2.519223568556035052e-10,2.432210323922678027e-10,2.484777161098184151e-10,2.574615755237675520e-10,2.145139255871610022e-10,1.532272474998925840e-10,1.752095141712019581e-10,1.186378483145649886e-10,1.247237402826626054e-10,9.279910698773430765e-11,9.440589845627270704e-11
1.076547330005783509e-10,1.261569799319371965e-10,1.168646931380903964e-10,1.100719166811382778e-10,1.003105092189352859e-10,1.128495035550411967e-10,1.157819218519391789e-10,1.488140074634783645e-10,1.673688268913841425e-10,1.181948079040030704e-10,1.588044273422401235e-10,1.523921429593176090e-10,1.464713468278347581e-10,1.381727018465691329e-10,1.633182341368380456e-10,1.566154204151320065e-10,1.341681426426873221e-10,1.204889547030675829e-10,1.037858966160420313e-10,9.530780813386194670e-11,9.480323914261119843e-11,8.886744461590530414e-11,8.269797387225939259e-11,7.144022351425178306e-11,4.304052522718006949e-11,4.854548563867402302e-11,4.200611385176026905e-11,4.811892884421306843e-11,5.139090506938738847e-11,4.013537083874910749e-11
4.012070467451592481e-11,4.453577066813998212e-11,4.655721450699654874e-11,3.780413595400533716e-11,4.826114608837441186e-11,4.452153245488372222e-11,7.999565426744448177e-11,8.608367494324449844e-11,7.952817735094308141e-11,8.282179693411041278e-11,8.577791684315619628e-11,7.015427545944063417e-11,8.731013417354823751e-11,6.461968355709732476e-11,5.796160750000530560e-11,6.260669411187192114e-11,6.263260111090315827e-11,5.735478962437533889e-11,6.480139906998674184e-11,5.631432005477733147e-11,4.028321116221061667e-11,4.991700038448037362e-11,3.871598235331286374e-11,2.939121493184131110e-11,3.559040219934391930e-11,2.505267274403564337e-11,1.805458279617562818e-11,2.274077749325298191e-11,2.049124122535132572e-11,1.942964178571414595e-11
1.393652361748746141e-11,1.439259122664986390e-11,1.261066301722548092e-11,1.703096372266091225e-11,1.749456131963810994e-11,1.862427546597426368e-11,2.323152202084939742e-11,2.920571969578444476e-11,2.012045364900228371e-11,2.593470422683377073e-11,2.581883914241603796e-11,2.549173736516074749e-11,1.955041270366542353e-11,1.544706794267232801e-11,2.019664125158635165e-11,2.812247574132698049e-11,1.882257741413907987e-11,1.520319936757011442e-11,1.965159541806709614e-11,1.571339845068336305e-11,1.839665547876756364e-11,2.117321156576076062e-11,1.648368412796614432e-11,1.973369138083394823e-11,1.375401591236577102e-11,1.372083134000986245e-11,9.371869467849112290e-12,8.544403504283445976e-12,1.363998531579889972e-11,8.045482286398549917e-12
